INSERT INTO address_info (id, building, city, street)
VALUES (4, '2', 'Москва', 'Тверская улица'),
       (5, '3', 'Санкт-Петербург', 'Невский проспект'),
       (6, '4', 'Екатеринбург', 'Ленина улица'),
       (7, '5', 'Казань', 'Баумана улица'),
       (8, '6', 'Нижний Новгород', 'Большая Покровская улица'),
       (9, '7', 'Владивосток', 'Океанский проспект'),
       (10, '8', 'Красноярск', 'Мира улица'),
       (11, '9', 'Ростов-на-Дону', 'Большая Садовая улица'),
       (12, '10', 'Самара', 'Куйбышева улица'),
       (13, '11', 'Новосибирск', 'Ленинградская улица'),
       (14, '12', 'Воронеж', 'Проспект Революции'),
       (15, '13', 'Уфа', 'Карла Маркса улица'),
       (16, '14', 'Краснодар', 'Красная улица'),
       (17, '15', 'Омск', 'Ленинская улица'),
       (18, '16', 'Тюмень', 'Мельникайте улица'),
       (19, '17', 'Пермь', 'Ленина проспект'),
       (20, '18', 'Тольятти', 'Гагарина улица'),
       (21, '19', 'Иркутск', 'Кирова улица'),
       (22, '20', 'Томск', 'Советская улица'),
       (23, '21', 'Калининград', 'Ленинградский проспект');

INSERT INTO apartment_info (id, available, overall_rating, price, room_amount, address_id, registration_date)
VALUES (4, FALSE, 3.8, 1200.00, 1, 4, '2022-02-01'),
       (5, TRUE, 4.2, 2000.00, 3, 5, '2022-03-10'),
       (6, FALSE, 3.5, 1000.00, 2, 6, '2022-04-05'),
       (7, TRUE, 4.7, 1800.00, 2, 7, '2022-05-20'),
       (8, FALSE, 3.9, 1600.00, 1, 8, '2022-06-15'),
       (9, TRUE, 4.0, 2200.00, 3, 9, '2022-07-10'),
       (10, FALSE, 3.2, 900.00, 2, 10, '2022-08-01'),
       (11, TRUE, 4.6, 1900.00, 2, 11, '2022-09-15'),
       (12, FALSE, 3.7, 1300.00, 1, 12, '2022-10-05'),
       (13, TRUE, 4.4, 2400.00, 3, 13, '2022-11-20'),
       (14, FALSE, 3.4, 1100.00, 2, 14, '2022-12-15'),
       (15, TRUE, 4.9, 2100.00, 2, 15, '2023-01-10'),
       (16, FALSE, 3.6, 1500.00, 1, 16, '2023-02-01'),
       (17, TRUE, 4.1, 2600.00, 3, 17, '2023-03-15'),
       (18, FALSE, 3.3, 950.00, 2, 18, '2023-04-05'),
       (19, TRUE, 4.8, 2300.00, 2, 19, '2023-05-20'),
       (20, FALSE, 3.5, 1700.00, 1, 20, '2023-06-15'),
       (21, TRUE, 4.3, 2800.00, 3, 21, '2023-07-10'),
       (22, FALSE, 3.1, 1200.00, 2, 22, '2023-08-01'),
       (23, TRUE, 4.0, 1900.00, 2, 23, '2023-09-15');

INSERT INTO apartment_rating (id, rating, apartment_id, comment)
VALUES (1, 4.5, 1, 'Отличное место!'),
       (2, 3.8, 2, 'Хорошая цена за качество.'),
       (3, 4.2, 3, 'Прекрасный вид из окна.'),
       (4, 3.5, 4, 'Немного шумно в выходные.'),
       (5, 4.7, 5, 'Просторная квартира.'),
       (6, 3.9, 6, 'Удобное расположение.'),
       (7, 4.0, 7, 'Много ресторанов поблизости.'),
       (8, 3.2, 8, 'Требуется ремонт в ванной комнате.'),
       (9, 4.6, 9, 'Хороший район.'),
       (10, 3.7, 10, 'Близко к общественному транспорту.'),
       (11, 4.4, 11, 'Просторная кухня.'),
       (12, 3.4, 12, 'Нет кондиционера.'),
       (13, 4.9, 13, 'Отличное обслуживание.'),
       (14, 3.6, 14, 'Доступность магазинов.'),
       (15, 4.1, 15, 'Большая гостиная.'),
       (16, 3.3, 16, 'Нет парковочных мест.'),
       (17, 4.8, 17, 'Уютная атмосфера.'),
       (18, 3.5, 18, 'Не работает лифт.'),
       (19, 4.3, 19, 'Хорошая шумоизоляция.'),
       (20, 3.1, 20, 'Недалеко от парка.'),
       (21, 4.2, 21, 'Красивый вид на город.'),
       (22, 3.9, 22, 'Быстрая реакция от арендодателя.'),
       (23, 4.0, 1, 'Отличная транспортная инфраструктура.'),
       (24, 3.5, 2, 'Нет интернета.'),
       (25, 4.7, 3, 'Большая ванная комната.'),
       (26, 3.8, 4, 'Чисто и аккуратно.'),
       (27, 4.3, 5, 'Дружелюбные соседи.'),
       (28, 3.6, 6, 'Нет стиральной машины.'),
       (29, 4.2, 7, 'Просторный балкон.'),
       (30, 3.9, 8, 'Плохая звукоизоляция.'),
       (31, 4.5, 9, 'Бесплатная парковка.'),
       (32, 3.2, 10, 'Требуется ремонт в прихожей.'),
       (33, 4.8, 11, 'Удобная мебель.'),
       (34, 3.7, 12, 'Не работает кондиционер.'),
       (35, 4.1, 13, 'Близость к парку.'),
       (36, 3.4, 14, 'Недалеко от метро.'),
       (37, 4.6, 15, 'Хорошая звукоизоляция.'),
       (38, 3.0, 16, 'Трудно найти парковочное место.'),
       (39, 4.4, 17, 'Удобная кухня.'),
       (40, 3.3, 18, 'Не работает лифт.'),
       (41, 4.9, 19, 'Быстрый интернет.'),
       (42, 3.1, 20, 'Домашняя атмосфера.');